{"authorDailyContributionsMap":{"Izn432":[{"date":"2025-01-19","commitResults":[{"hash":"44eeb8f2f2eed60b161c87e4d69403962ac81ee8","isMergeCommit":false,"messageTitle":"Update Isaac\u0027s information and photo","messageBody":"","fileTypesAndContributionMap":{"md":{"insertions":2,"deletions":2}}}]}],"IanCheah":[{"date":"2025-01-18","commitResults":[{"hash":"54901b97e2b9f0109e1546c37bcbe2a55d7b3473","isMergeCommit":false,"messageTitle":"Update info for IanCheah","messageBody":"","fileTypesAndContributionMap":{"md":{"insertions":2,"deletions":2}}}]}],"wen xi":[{"date":"2025-01-16","commitResults":[{"hash":"c826dde36432e298fce10872952134459506f899","isMergeCommit":false,"messageTitle":"Update info for wx-03","messageBody":"","fileTypesAndContributionMap":{"md":{"insertions":4,"deletions":2}}}]}],"Airiinnn":[{"date":"2025-01-20","commitResults":[{"hash":"dc2e4f5d56efceb5c20a4ed2ac509388fcb6aaee","isMergeCommit":false,"messageTitle":"Update info for Airiinnn","messageBody":"","fileTypesAndContributionMap":{"md":{"insertions":2,"deletions":2}}}]}],"peasantbird":[{"date":"2025-01-19","commitResults":[{"hash":"9ce5cff1db5b86e74c3101348c4f87391f96e33f","isMergeCommit":false,"messageTitle":"Update Bertrand\u0027s information and photo","messageBody":"","fileTypesAndContributionMap":{"md":{"insertions":4,"deletions":3}}}]}],"AgentHagu":[{"date":"2025-01-13","commitResults":[{"hash":"05e205466672c91d54667fed05fc73a354f41dcd","isMergeCommit":false,"messageTitle":"Update info for AgentHagu","messageBody":"","fileTypesAndContributionMap":{"md":{"insertions":2,"deletions":2}}}]}],"JoanneHing":[{"date":"2025-01-19","commitResults":[{"hash":"9849b02a68849c14b407641caabe730f7c1537cf","isMergeCommit":false,"messageTitle":"Update informatioan for JoanneHing","messageBody":"","fileTypesAndContributionMap":{"md":{"insertions":9,"deletions":6}}}]},{"date":"2025-01-28","commitResults":[{"hash":"88b10bec2df138e62df279997a21364a78011a97","isMergeCommit":false,"messageTitle":"Update JoanneHing progress","messageBody":"","fileTypesAndContributionMap":{"md":{"insertions":6,"deletions":7}}},{"hash":"8937c6be1b85a5e14332b99c99c039e48200fe32","isMergeCommit":true,"messageTitle":"Merge branch \u0027master\u0027 of github.com:nus-cs3281/2025","messageBody":"","fileTypesAndContributionMap":{}},{"hash":"8f89aee1bed7edd525ec0177e37ea95728b73594","isMergeCommit":false,"messageTitle":"Update JoanneHing progress","messageBody":"","fileTypesAndContributionMap":{"md":{"insertions":9,"deletions":6}}}]}],"LiYuan":[{"date":"2025-01-18","commitResults":[{"hash":"d0625408bbd087f1d8cd4b730bd76c10a25a8467","isMergeCommit":false,"messageTitle":"Update info for lyuanww","messageBody":"","fileTypesAndContributionMap":{"md":{"insertions":2,"deletions":2}}}]}],"Dhiraputta Pathama Tengara":[{"date":"2025-01-18","commitResults":[{"hash":"a2b5b00e55c882392f7abd2effacf353e6af06bb","isMergeCommit":false,"messageTitle":"Update info for DhiraPT","messageBody":"","fileTypesAndContributionMap":{"md":{"insertions":2,"deletions":2}}}]},{"date":"2025-01-27","commitResults":[{"hash":"2f90b9080e75b4fcc6f831542165c1b543efe4cc","isMergeCommit":false,"messageTitle":"Update photo and progress for DhiraPT","messageBody":"","fileTypesAndContributionMap":{"md":{"insertions":3,"deletions":0}}},{"hash":"45fafdc13e65be1fa21e79038de9d337d2d83865","isMergeCommit":true,"messageTitle":"Merge branch \u0027master\u0027 of https://github.com/nus-cs3281/2025","messageBody":"","fileTypesAndContributionMap":{}}]}],"damithc":[{"date":"2025-01-12","commitResults":[{"hash":"4d13404d813d40dd64969287174d546564a717a7","isMergeCommit":false,"messageTitle":"Add initial version","messageBody":"","fileTypesAndContributionMap":{"css":{"insertions":146,"deletions":0},"gitignore":{"insertions":4,"deletions":0},"md":{"insertions":86263,"deletions":0},"yml":{"insertions":17,"deletions":0},"json":{"insertions":26,"deletions":0}}},{"hash":"7c27e2d89c0540bd934ce06cd1656e035f258a0c","isMergeCommit":false,"messageTitle":"Update configs","messageBody":"","fileTypesAndContributionMap":{"md":{"insertions":1,"deletions":1},"json":{"insertions":1,"deletions":1}}}]},{"date":"2025-01-19","commitResults":[{"hash":"750b53bd9f3ebf56fac3c426cece26fc0210b9d5","isMergeCommit":false,"messageTitle":"Tweak LT schedule","messageBody":"","fileTypesAndContributionMap":{"md":{"insertions":3,"deletions":5}}}]},{"date":"2025-01-20","commitResults":[{"hash":"cc380d90375db88727cc2c3a125c3e14497649c4","isMergeCommit":false,"messageTitle":"Remove Xinyu","messageBody":"","fileTypesAndContributionMap":{"md":{"insertions":1,"deletions":2}}}]}],"Mingyang":[{"date":"2025-01-12","commitResults":[{"hash":"b7bae9c85ad5c1fb6d5333097a4e88e32949ca20","isMergeCommit":false,"messageTitle":"Update info for mingyang143","messageBody":"","fileTypesAndContributionMap":{"md":{"insertions":2,"deletions":2}}}]},{"date":"2025-01-14","commitResults":[{"hash":"99fc5a048a625eb1a42d33d123c07314c5807752","isMergeCommit":false,"messageTitle":"Update knowledge.md for mingyang143","messageBody":"","fileTypesAndContributionMap":{"md":{"insertions":30,"deletions":4}}}]}],"yyccbb":[{"date":"2025-01-20","commitResults":[{"hash":"3278f5c62febcd3dc5c511a14d1cf8dd3682b1af","isMergeCommit":false,"messageTitle":"Update Chenbo\u0027s information","messageBody":"","fileTypesAndContributionMap":{"md":{"insertions":2,"deletions":2}}}]}],"InfinityTwo":[{"date":"2025-01-16","commitResults":[{"hash":"c1b51a508fb270291dbecb961e6fa29e536a9613","isMergeCommit":false,"messageTitle":"Update info for infinitytwo","messageBody":"","fileTypesAndContributionMap":{"md":{"insertions":2,"deletions":2}}}]}],"gerteck":[{"date":"2025-01-12","commitResults":[{"hash":"11f5ba4fdd5dbf0a5ac6819442c381dbc7106fcb","isMergeCommit":false,"messageTitle":"Update info for gerteck","messageBody":"","fileTypesAndContributionMap":{"md":{"insertions":2,"deletions":2}}}]},{"date":"2025-01-14","commitResults":[{"hash":"abf62c5c267577c166d24fad50dabc477cdad73c","isMergeCommit":false,"messageTitle":"Update info for gerteck","messageBody":"","fileTypesAndContributionMap":{"md":{"insertions":52,"deletions":3}}}]},{"date":"2025-01-27","commitResults":[{"hash":"0f205b881092be59eaec8ae8a66a921fd9acf37b","isMergeCommit":false,"messageTitle":"Update for gerteck","messageBody":"","fileTypesAndContributionMap":{"md":{"insertions":39,"deletions":7}}}]}],"jasonqiu212":[{"date":"2025-01-21","commitResults":[{"hash":"0fd64a81ae4ade5baa9d3eea2a02b16872dd5f91","isMergeCommit":false,"messageTitle":"Add progress for jasonqiu212","messageBody":"","fileTypesAndContributionMap":{"md":{"insertions":47,"deletions":0}}},{"hash":"2b7e5b9206c5753587ab7ec83edb74839785f83a","isMergeCommit":true,"messageTitle":"Merge branch \u0027master\u0027 of github.com:nus-cs3281/2025","messageBody":"","fileTypesAndContributionMap":{}}]}],"NorbertLoh":[{"date":"2025-01-19","commitResults":[{"hash":"2973c5a2435720f2a4519621f0d567df6ef66d55","isMergeCommit":true,"messageTitle":"Merge branch \u0027master\u0027 of https://github.com/nus-cs3281/2025","messageBody":"","fileTypesAndContributionMap":{}},{"hash":"318c5eb05ace9326f3f7284c877f09fde86b4701","isMergeCommit":false,"messageTitle":"Update info for norbert","messageBody":"","fileTypesAndContributionMap":{"md":{"insertions":2,"deletions":2}}}]},{"date":"2025-01-27","commitResults":[{"hash":"ca75d11b689a1d21b8cdc936dd3b5bb074961c58","isMergeCommit":false,"messageTitle":"Update progress and knowledge logs","messageBody":"","fileTypesAndContributionMap":{"md":{"insertions":7,"deletions":2}}},{"hash":"b2c7f419b44068b3b6a6bcf721de3f249467fed1","isMergeCommit":true,"messageTitle":"Merge branch \u0027master\u0027 of https://github.com/nus-cs3281/2025","messageBody":"","fileTypesAndContributionMap":{}}]}],"BunnyHoppp":[{"date":"2025-01-19","commitResults":[{"hash":"56153808fe08221df476a68f5690f5265e87d889","isMergeCommit":false,"messageTitle":"Update info for BunnyHoppp","messageBody":"","fileTypesAndContributionMap":{"md":{"insertions":2,"deletions":2}}}]}],"Yucongkoo":[{"date":"2025-01-14","commitResults":[{"hash":"83f82430992f4db437308e16633b6019d88b68f5","isMergeCommit":false,"messageTitle":"Update info for yucongkoo","messageBody":"","fileTypesAndContributionMap":{"md":{"insertions":4,"deletions":3}}}]},{"date":"2025-01-27","commitResults":[{"hash":"e447aa454fd06090bf1079cadfd9f728009ae1de","isMergeCommit":false,"messageTitle":"Update knowledge and progess (week 2)","messageBody":"","fileTypesAndContributionMap":{"md":{"insertions":25,"deletions":4}}},{"hash":"c5977de9078c2e8e0f0943c26220dc53737659c2","isMergeCommit":true,"messageTitle":"Merge branch \u0027master\u0027 of https://github.com/nus-cs3281/2025","messageBody":"","fileTypesAndContributionMap":{}},{"hash":"95e1191204bc68c91d317e79856379a74b6a7eb6","isMergeCommit":false,"messageTitle":"Fix typo in progress file","messageBody":"","fileTypesAndContributionMap":{"md":{"insertions":1,"deletions":1}}}]}],"CYX22222003":[{"date":"2025-01-13","commitResults":[{"hash":"8f86548b0ed855cfc3668f37c3b2ba87bb6ee538","isMergeCommit":false,"messageTitle":"Update info for yixun","messageBody":"","fileTypesAndContributionMap":{"md":{"insertions":2,"deletions":2}}}]}],"Incogdino":[{"date":"2025-01-19","commitResults":[{"hash":"596e8ff5333b90a2e4eefdb3d0e67065a34ce104","isMergeCommit":false,"messageTitle":"Update info for Incogdino","messageBody":"","fileTypesAndContributionMap":{"md":{"insertions":2,"deletions":2}}}]}],"joeng03":[{"date":"2025-01-20","commitResults":[{"hash":"b92ecd27756da92c3dcf0855f69b274d2a861b1a","isMergeCommit":false,"messageTitle":"Update Joe\u0027s information and photo","messageBody":"","fileTypesAndContributionMap":{"md":{"insertions":2,"deletions":2}}},{"hash":"57ae6f8cf63139f7da636adfb0c62674e856efb4","isMergeCommit":false,"messageTitle":"Update Joe\u0027s information","messageBody":"","fileTypesAndContributionMap":{"md":{"insertions":1,"deletions":1}}},{"hash":"8490879f133e287d00edd7d79cdc7fb7b89d5a3d","isMergeCommit":true,"messageTitle":"Merge branch \u0027master\u0027 of https://github.com/nus-cs3281/2025","messageBody":"","fileTypesAndContributionMap":{}}]}],"marcu":[{"date":"2025-01-17","commitResults":[{"hash":"2a0b60b89bf3b0cfe8316fcd15acb40d89c05674","isMergeCommit":false,"messageTitle":"Update info for hollag","messageBody":"","fileTypesAndContributionMap":{"md":{"insertions":4,"deletions":2}}}]}]},"authorFileTypeContributionMap":{"Izn432":{"md":2},"IanCheah":{"md":2},"wen xi":{"md":4},"Airiinnn":{"md":2},"peasantbird":{"md":4},"AgentHagu":{"md":2},"JoanneHing":{"md":15},"LiYuan":{"md":2},"Dhiraputta Pathama Tengara":{"md":5},"damithc":{"md":86197,"yml":17,"gitignore":4,"json":26,"css":146},"Mingyang":{"md":32},"yyccbb":{"md":2},"InfinityTwo":{"md":2},"gerteck":{"md":86},"jasonqiu212":{"md":47},"NorbertLoh":{"md":9},"BunnyHoppp":{"md":2},"Yucongkoo":{"md":29},"CYX22222003":{"md":2},"Incogdino":{"md":2},"joeng03":{"md":2},"marcu":{"md":4}},"authorContributionVariance":{"Izn432":0.484375,"IanCheah":0.484375,"wen xi":1.0898438,"Airiinnn":0.484375,"peasantbird":1.4833984,"AgentHagu":0.484375,"JoanneHing":29.725586,"LiYuan":0.484375,"Dhiraputta Pathama Tengara":0.73339844,"damithc":2.26302192E8,"Mingyang":35.214844,"yyccbb":0.484375,"InfinityTwo":0.484375,"gerteck":150.38965,"jasonqiu212":66.87402,"NorbertLoh":2.866211,"BunnyHoppp":0.484375,"Yucongkoo":30.152344,"CYX22222003":0.484375,"Incogdino":0.484375,"joeng03":1.0898438,"marcu":1.0898438},"authorDisplayNameMap":{"Izn432":"Izn432","IanCheah":"IanCheah","wen xi":"wen xi","Airiinnn":"Airiinnn","peasantbird":"peasantbird","AgentHagu":"AgentHagu","JoanneHing":"JoanneHing","LiYuan":"LiYuan","Dhiraputta Pathama Tengara":"Dhiraputta Pathama Tengara","damithc":"damithc","Mingyang":"Mingyang","yyccbb":"yyccbb","InfinityTwo":"InfinityTwo","gerteck":"gerteck","jasonqiu212":"jasonqiu212","NorbertLoh":"NorbertLoh","BunnyHoppp":"BunnyHoppp","Yucongkoo":"Yucongkoo","CYX22222003":"CYX22222003","Incogdino":"Incogdino","joeng03":"joeng03","marcu":"marcu"}}
