{"authorDailyContributionsMap":{"Izn432":[{"date":"2025-01-19","commitResults":[{"hash":"44eeb8f2f2eed60b161c87e4d69403962ac81ee8","isMergeCommit":false,"messageTitle":"Update Isaac\u0027s information and photo","messageBody":"","fileTypesAndContributionMap":{"md":{"insertions":2,"deletions":2}}}]}],"IanCheah":[{"date":"2025-01-18","commitResults":[{"hash":"54901b97e2b9f0109e1546c37bcbe2a55d7b3473","isMergeCommit":false,"messageTitle":"Update info for IanCheah","messageBody":"","fileTypesAndContributionMap":{"md":{"insertions":2,"deletions":2}}}]},{"date":"2025-01-28","commitResults":[{"hash":"eab27b7f90984a3af0c7263038a0b3677bdab4b2","isMergeCommit":false,"messageTitle":"Update knowledge and progress for weeks 1 and 2","messageBody":"","fileTypesAndContributionMap":{"md":{"insertions":24,"deletions":2}}},{"hash":"ce86c278eddd399ebdf46ea0730998da653b3cba","isMergeCommit":true,"messageTitle":"Merge branch \u0027master\u0027 of https://github.com/nus-cs3281/2025","messageBody":"","fileTypesAndContributionMap":{}}]}],"wen xi":[{"date":"2025-01-16","commitResults":[{"hash":"c826dde36432e298fce10872952134459506f899","isMergeCommit":false,"messageTitle":"Update info for wx-03","messageBody":"","fileTypesAndContributionMap":{"md":{"insertions":4,"deletions":2}}}]},{"date":"2025-01-28","commitResults":[{"hash":"ebd97c2552ed83367994e09b4f1549e1ca0582ac","isMergeCommit":false,"messageTitle":"Update knowledge and progress for wx-03","messageBody":"","fileTypesAndContributionMap":{"md":{"insertions":31,"deletions":4}}},{"hash":"5b3808ce61bd5cf2ccdede47204e40569bc82f9d","isMergeCommit":true,"messageTitle":"Merge branch \u0027master\u0027 of github.com:nus-cs3281/2025","messageBody":"","fileTypesAndContributionMap":{}},{"hash":"f894697c42c8f8ec946effd957e7649900c4b3a2","isMergeCommit":false,"messageTitle":"Update knowledge.md for wx-03","messageBody":"","fileTypesAndContributionMap":{"md":{"insertions":1,"deletions":1}}}]}],"Airiinnn":[{"date":"2025-01-20","commitResults":[{"hash":"dc2e4f5d56efceb5c20a4ed2ac509388fcb6aaee","isMergeCommit":false,"messageTitle":"Update info for Airiinnn","messageBody":"","fileTypesAndContributionMap":{"md":{"insertions":2,"deletions":2}}}]},{"date":"2025-02-10","commitResults":[{"hash":"835fd996d59be5910ba8680d54b1c48789026a3a","isMergeCommit":false,"messageTitle":"Update progress for Airiinnn","messageBody":"","fileTypesAndContributionMap":{"md":{"insertions":27,"deletions":4}}}]}],"peasantbird":[{"date":"2025-01-19","commitResults":[{"hash":"9ce5cff1db5b86e74c3101348c4f87391f96e33f","isMergeCommit":false,"messageTitle":"Update Bertrand\u0027s information and photo","messageBody":"","fileTypesAndContributionMap":{"md":{"insertions":4,"deletions":3}}}]}],"AgentHagu":[{"date":"2025-01-28","commitResults":[{"hash":"4470d8d3052c6a31152f0d494f105428cdf60c8e","isMergeCommit":false,"messageTitle":"Update Adrian\u0027s profile","messageBody":"","fileTypesAndContributionMap":{"md":{"insertions":13,"deletions":6}}}]},{"date":"2025-02-09","commitResults":[{"hash":"3a11c57c560c5e481e8167d34f9709f6e54ac819","isMergeCommit":false,"messageTitle":"Update Adrian","messageBody":"","fileTypesAndContributionMap":{"md":{"insertions":2,"deletions":1}}}]}],"JoanneHing":[{"date":"2025-01-19","commitResults":[{"hash":"9849b02a68849c14b407641caabe730f7c1537cf","isMergeCommit":false,"messageTitle":"Update informatioan for JoanneHing","messageBody":"","fileTypesAndContributionMap":{"md":{"insertions":9,"deletions":6}}}]},{"date":"2025-01-28","commitResults":[{"hash":"88b10bec2df138e62df279997a21364a78011a97","isMergeCommit":false,"messageTitle":"Update JoanneHing progress","messageBody":"","fileTypesAndContributionMap":{"md":{"insertions":6,"deletions":7}}},{"hash":"8937c6be1b85a5e14332b99c99c039e48200fe32","isMergeCommit":true,"messageTitle":"Merge branch \u0027master\u0027 of github.com:nus-cs3281/2025","messageBody":"","fileTypesAndContributionMap":{}},{"hash":"8f89aee1bed7edd525ec0177e37ea95728b73594","isMergeCommit":false,"messageTitle":"Update JoanneHing progress","messageBody":"","fileTypesAndContributionMap":{"md":{"insertions":9,"deletions":6}}}]},{"date":"2025-02-09","commitResults":[{"hash":"06dcfa59817c0565a31575ccbf2155b124ee29b3","isMergeCommit":false,"messageTitle":"Update Joanne progress","messageBody":"","fileTypesAndContributionMap":{"md":{"insertions":9,"deletions":1}}},{"hash":"d8f3d6065b5a303089df2cd859ffaa0ab53e2d1b","isMergeCommit":true,"messageTitle":"Merge branch \u0027master\u0027 of github.com:nus-cs3281/2025","messageBody":"","fileTypesAndContributionMap":{}}]}],"LiYuan":[{"date":"2025-01-18","commitResults":[{"hash":"d0625408bbd087f1d8cd4b730bd76c10a25a8467","isMergeCommit":false,"messageTitle":"Update info for lyuanww","messageBody":"","fileTypesAndContributionMap":{"md":{"insertions":2,"deletions":2}}}]},{"date":"2025-01-29","commitResults":[{"hash":"2928149ccc21f4546f0cefab62dcb65a73bc17dd","isMergeCommit":false,"messageTitle":"Update lyuanww progress week 2","messageBody":"","fileTypesAndContributionMap":{"md":{"insertions":6,"deletions":6}}}]},{"date":"2025-02-02","commitResults":[{"hash":"cb2a889b2f986ef0459c276c32d88c7177bdc1ee","isMergeCommit":false,"messageTitle":"Update lyuanww progress week 3","messageBody":"","fileTypesAndContributionMap":{"md":{"insertions":7,"deletions":2}}}]}],"Dhiraputta Pathama Tengara":[{"date":"2025-01-18","commitResults":[{"hash":"a2b5b00e55c882392f7abd2effacf353e6af06bb","isMergeCommit":false,"messageTitle":"Update info for DhiraPT","messageBody":"","fileTypesAndContributionMap":{"md":{"insertions":2,"deletions":2}}}]},{"date":"2025-01-27","commitResults":[{"hash":"2f90b9080e75b4fcc6f831542165c1b543efe4cc","isMergeCommit":false,"messageTitle":"Update photo and progress for DhiraPT","messageBody":"","fileTypesAndContributionMap":{"md":{"insertions":3,"deletions":0}}},{"hash":"45fafdc13e65be1fa21e79038de9d337d2d83865","isMergeCommit":true,"messageTitle":"Merge branch \u0027master\u0027 of https://github.com/nus-cs3281/2025","messageBody":"","fileTypesAndContributionMap":{}}]},{"date":"2025-02-09","commitResults":[{"hash":"e07df6648d541d5388759f4312c0ffd441176484","isMergeCommit":false,"messageTitle":"Update progress.md and knowledge.md for DhiraPT","messageBody":"","fileTypesAndContributionMap":{"md":{"insertions":111,"deletions":3}}}]}],"damithc":[{"date":"2025-01-19","commitResults":[{"hash":"750b53bd9f3ebf56fac3c426cece26fc0210b9d5","isMergeCommit":false,"messageTitle":"Tweak LT schedule","messageBody":"","fileTypesAndContributionMap":{"md":{"insertions":3,"deletions":5}}}]},{"date":"2025-01-20","commitResults":[{"hash":"cc380d90375db88727cc2c3a125c3e14497649c4","isMergeCommit":false,"messageTitle":"Remove Xinyu","messageBody":"","fileTypesAndContributionMap":{"md":{"insertions":1,"deletions":2}}}]}],"Mingyang":[{"date":"2025-01-14","commitResults":[{"hash":"99fc5a048a625eb1a42d33d123c07314c5807752","isMergeCommit":false,"messageTitle":"Update knowledge.md for mingyang143","messageBody":"","fileTypesAndContributionMap":{"md":{"insertions":30,"deletions":4}}}]},{"date":"2025-01-28","commitResults":[{"hash":"b7a7c2a350c4c73e6767ef5cf14ba7365a9a3c46","isMergeCommit":false,"messageTitle":"Update progress.md for mingyang143","messageBody":"","fileTypesAndContributionMap":{"md":{"insertions":3,"deletions":0}}}]},{"date":"2025-01-29","commitResults":[{"hash":"326af799848e7013304be55ba412ca5179438be3","isMergeCommit":false,"messageTitle":"Update progress.md for mingyang143","messageBody":"","fileTypesAndContributionMap":{"md":{"insertions":2,"deletions":1}}},{"hash":"b065f16d666fdfe24752bbc35f1657c8434d3131","isMergeCommit":true,"messageTitle":"Merge remote-tracking branch \u0027origin/master\u0027","messageBody":"","fileTypesAndContributionMap":{}}]},{"date":"2025-02-03","commitResults":[{"hash":"f2b32d75ad02a726ab4ce9c9733a2ad611ac5dbb","isMergeCommit":false,"messageTitle":"Update progress.md for mingyang143","messageBody":"","fileTypesAndContributionMap":{"md":{"insertions":5,"deletions":3}}},{"hash":"cf31774e8a8d1e901e461332017bd57e948e19dd","isMergeCommit":true,"messageTitle":"Merge remote-tracking branch \u0027origin/master\u0027","messageBody":"","fileTypesAndContributionMap":{}}]},{"date":"2025-02-08","commitResults":[{"hash":"dcbf5ec746d17ce7387c8e4fffb60252d14a9771","isMergeCommit":false,"messageTitle":"Update progress and knowledge for mingyang143","messageBody":"","fileTypesAndContributionMap":{"md":{"insertions":51,"deletions":6}}}]}],"yyccbb":[{"date":"2025-01-20","commitResults":[{"hash":"3278f5c62febcd3dc5c511a14d1cf8dd3682b1af","isMergeCommit":false,"messageTitle":"Update Chenbo\u0027s information","messageBody":"","fileTypesAndContributionMap":{"md":{"insertions":2,"deletions":2}}}]},{"date":"2025-02-12","commitResults":[{"hash":"d7ff2f8f433f427fc1e0135b312aaf7664ddfc14","isMergeCommit":false,"messageTitle":"Update knowledge gained for week 4","messageBody":"","fileTypesAndContributionMap":{"md":{"insertions":11,"deletions":5}}}]}],"InfinityTwo":[{"date":"2025-01-16","commitResults":[{"hash":"c1b51a508fb270291dbecb961e6fa29e536a9613","isMergeCommit":false,"messageTitle":"Update info for infinitytwo","messageBody":"","fileTypesAndContributionMap":{"md":{"insertions":2,"deletions":2}}}]},{"date":"2025-02-02","commitResults":[{"hash":"f185d1ddde0c2c5e142d52a1003bba85ab3559f5","isMergeCommit":false,"messageTitle":"Update progress and knowledge for InfinityTwo","messageBody":"","fileTypesAndContributionMap":{"md":{"insertions":35,"deletions":2}}}]},{"date":"2025-02-09","commitResults":[{"hash":"087bc311c1a5c329daa67c0ccd4add8c04e74266","isMergeCommit":false,"messageTitle":"Update info for InfinityTwo","messageBody":"","fileTypesAndContributionMap":{"md":{"insertions":5,"deletions":1}}},{"hash":"467f20e61425910ea46928118881a50393db0898","isMergeCommit":true,"messageTitle":"Merge branch \u0027master\u0027 of https://github.com/nus-cs3281/2025","messageBody":"","fileTypesAndContributionMap":{}}]}],"gerteck":[{"date":"2025-01-14","commitResults":[{"hash":"abf62c5c267577c166d24fad50dabc477cdad73c","isMergeCommit":false,"messageTitle":"Update info for gerteck","messageBody":"","fileTypesAndContributionMap":{"md":{"insertions":52,"deletions":3}}}]},{"date":"2025-01-27","commitResults":[{"hash":"0f205b881092be59eaec8ae8a66a921fd9acf37b","isMergeCommit":false,"messageTitle":"Update for gerteck","messageBody":"","fileTypesAndContributionMap":{"md":{"insertions":39,"deletions":7}}}]},{"date":"2025-01-28","commitResults":[{"hash":"109ddc85388ebbc60d323416aca393a98889a0f7","isMergeCommit":false,"messageTitle":"Fix unexpected nunchunks token","messageBody":"","fileTypesAndContributionMap":{"md":{"insertions":1,"deletions":1}}},{"hash":"333c9442bc6f520c12f4ad5557d306386310595d","isMergeCommit":false,"messageTitle":"Fix unexpected token","messageBody":"escape curly braces\n","fileTypesAndContributionMap":{"md":{"insertions":1,"deletions":1}}}]},{"date":"2025-02-03","commitResults":[{"hash":"85d50b24a21e26fb42e5cb69302b69446327ee1c","isMergeCommit":false,"messageTitle":"Update knowledge","messageBody":"","fileTypesAndContributionMap":{"md":{"insertions":33,"deletions":0}}}]},{"date":"2025-02-06","commitResults":[{"hash":"99400635144dce16884eedd6cbbf34da3bfc1b2f","isMergeCommit":false,"messageTitle":"Update progress/knowledge","messageBody":"","fileTypesAndContributionMap":{"md":{"insertions":88,"deletions":2}}}]}],"jasonqiu212":[{"date":"2025-01-21","commitResults":[{"hash":"0fd64a81ae4ade5baa9d3eea2a02b16872dd5f91","isMergeCommit":false,"messageTitle":"Add progress for jasonqiu212","messageBody":"","fileTypesAndContributionMap":{"md":{"insertions":47,"deletions":0}}},{"hash":"2b7e5b9206c5753587ab7ec83edb74839785f83a","isMergeCommit":true,"messageTitle":"Merge branch \u0027master\u0027 of github.com:nus-cs3281/2025","messageBody":"","fileTypesAndContributionMap":{}}]}],"NorbertLoh":[{"date":"2025-01-19","commitResults":[{"hash":"2973c5a2435720f2a4519621f0d567df6ef66d55","isMergeCommit":true,"messageTitle":"Merge branch \u0027master\u0027 of https://github.com/nus-cs3281/2025","messageBody":"","fileTypesAndContributionMap":{}},{"hash":"318c5eb05ace9326f3f7284c877f09fde86b4701","isMergeCommit":false,"messageTitle":"Update info for norbert","messageBody":"","fileTypesAndContributionMap":{"md":{"insertions":2,"deletions":2}}}]},{"date":"2025-01-27","commitResults":[{"hash":"ca75d11b689a1d21b8cdc936dd3b5bb074961c58","isMergeCommit":false,"messageTitle":"Update progress and knowledge logs","messageBody":"","fileTypesAndContributionMap":{"md":{"insertions":7,"deletions":2}}},{"hash":"b2c7f419b44068b3b6a6bcf721de3f249467fed1","isMergeCommit":true,"messageTitle":"Merge branch \u0027master\u0027 of https://github.com/nus-cs3281/2025","messageBody":"","fileTypesAndContributionMap":{}}]},{"date":"2025-01-28","commitResults":[{"hash":"789d55661b744edb6780eb99eed2db40e35e512f","isMergeCommit":false,"messageTitle":"Update logs for norbert","messageBody":"","fileTypesAndContributionMap":{"md":{"insertions":10,"deletions":4}}}]},{"date":"2025-02-09","commitResults":[{"hash":"6729e7429f7f596d8a357481e16805c9b042aa6a","isMergeCommit":true,"messageTitle":"Merge branch \u0027master\u0027 of https://github.com/nus-cs3281/2025","messageBody":"","fileTypesAndContributionMap":{}},{"hash":"84c788b4e0a7a7ffa70d21ab260c141c08cc3157","isMergeCommit":false,"messageTitle":"Update logs","messageBody":"","fileTypesAndContributionMap":{"md":{"insertions":12,"deletions":2}}}]}],"Javier":[{"date":"2025-02-09","commitResults":[{"hash":"297cae2bedfa6663e6482b3975bc97fed5f44b27","isMergeCommit":false,"messageTitle":"Update progress for Javier","messageBody":"","fileTypesAndContributionMap":{"md":{"insertions":25,"deletions":2}}}]}],"BunnyHoppp":[{"date":"2025-01-19","commitResults":[{"hash":"56153808fe08221df476a68f5690f5265e87d889","isMergeCommit":false,"messageTitle":"Update info for BunnyHoppp","messageBody":"","fileTypesAndContributionMap":{"md":{"insertions":2,"deletions":2}}}]},{"date":"2025-02-08","commitResults":[{"hash":"b6310fe75641ceed0e5a322a05ba321b4ad627ca","isMergeCommit":false,"messageTitle":"Update Wei Loon\u0027s progress and knowledge","messageBody":"Updated for week 4\n","fileTypesAndContributionMap":{"md":{"insertions":15,"deletions":4}}}]}],"Yucongkoo":[{"date":"2025-01-14","commitResults":[{"hash":"83f82430992f4db437308e16633b6019d88b68f5","isMergeCommit":false,"messageTitle":"Update info for yucongkoo","messageBody":"","fileTypesAndContributionMap":{"md":{"insertions":4,"deletions":3}}}]},{"date":"2025-01-27","commitResults":[{"hash":"e447aa454fd06090bf1079cadfd9f728009ae1de","isMergeCommit":false,"messageTitle":"Update knowledge and progess (week 2)","messageBody":"","fileTypesAndContributionMap":{"md":{"insertions":25,"deletions":4}}},{"hash":"c5977de9078c2e8e0f0943c26220dc53737659c2","isMergeCommit":true,"messageTitle":"Merge branch \u0027master\u0027 of https://github.com/nus-cs3281/2025","messageBody":"","fileTypesAndContributionMap":{}},{"hash":"95e1191204bc68c91d317e79856379a74b6a7eb6","isMergeCommit":false,"messageTitle":"Fix typo in progress file","messageBody":"","fileTypesAndContributionMap":{"md":{"insertions":1,"deletions":1}}}]},{"date":"2025-02-05","commitResults":[{"hash":"056b1773be0a445bc6c5a139d63f9e449e721a3b","isMergeCommit":false,"messageTitle":"Update week4 progress and knowledge","messageBody":"","fileTypesAndContributionMap":{"md":{"insertions":20,"deletions":6}}}]},{"date":"2025-02-10","commitResults":[{"hash":"5a53e6281285a3a9636d54eaa3cd9559779a3d46","isMergeCommit":false,"messageTitle":"Update week 4/5 progress","messageBody":"","fileTypesAndContributionMap":{"md":{"insertions":2,"deletions":0}}},{"hash":"a17546682feab31992e9881057bb1ceeabdc8109","isMergeCommit":false,"messageTitle":"Update knowledge and progress page for week 5","messageBody":"","fileTypesAndContributionMap":{"md":{"insertions":34,"deletions":0}}}]}],"Isaac Ng Jun Jie":[{"date":"2025-01-28","commitResults":[{"hash":"fcf8d63298ccb6973b03df1fab18b51eaa37f5c4","isMergeCommit":false,"messageTitle":"Update Isaac progress.md","messageBody":"","fileTypesAndContributionMap":{"md":{"insertions":5,"deletions":0}}},{"hash":"9981a8f13c5f5c3783ff22afada02331b9721d77","isMergeCommit":false,"messageTitle":"Update Isaac knowledge.md","messageBody":"","fileTypesAndContributionMap":{"md":{"insertions":51,"deletions":4}}},{"hash":"a907d0459b8a6a2909c978f937e0268de2b41189","isMergeCommit":false,"messageTitle":"Update Isaac progress.md","messageBody":"","fileTypesAndContributionMap":{"md":{"insertions":4,"deletions":3}}}]}],"CYX22222003":[{"date":"2025-01-29","commitResults":[{"hash":"9c1e03dab65f9b341999275edb70f941111fc99f","isMergeCommit":false,"messageTitle":"Update Yixun\u0027s progress week 2","messageBody":"","fileTypesAndContributionMap":{"md":{"insertions":5,"deletions":0}}},{"hash":"f8adec0bf50be23c552aaad3748c296f767fcfe1","isMergeCommit":false,"messageTitle":"Update Yixun\u0027s knowledge.md","messageBody":"","fileTypesAndContributionMap":{"md":{"insertions":3,"deletions":5}}}]},{"date":"2025-01-31","commitResults":[{"hash":"b4547d70a78553d5f0d1915595b959285056c357","isMergeCommit":false,"messageTitle":"Update Yixun\u0027s knowledge","messageBody":"","fileTypesAndContributionMap":{"md":{"insertions":13,"deletions":0}}},{"hash":"988960111c00d5d63d5af183053150b9468475e9","isMergeCommit":true,"messageTitle":"Merge branch \u0027master\u0027 of https://github.com/nus-cs3281/2025","messageBody":"","fileTypesAndContributionMap":{}}]},{"date":"2025-02-04","commitResults":[{"hash":"807fe831c81f59813c2cfb51b73c9f8e475e9154","isMergeCommit":false,"messageTitle":"Update Yixun\u0027s progress","messageBody":"","fileTypesAndContributionMap":{"md":{"insertions":11,"deletions":3}}},{"hash":"e38e7f6a16e46c1b53ed00d04930acc20374456f","isMergeCommit":false,"messageTitle":"Update Yixun\u0027s progress","messageBody":"","fileTypesAndContributionMap":{"md":{"insertions":1,"deletions":0}}}]},{"date":"2025-02-08","commitResults":[{"hash":"c176c5b1faa4396bfd2de5a3e50ca6b25d71be77","isMergeCommit":false,"messageTitle":"Update Yixun\u0027s progress","messageBody":"","fileTypesAndContributionMap":{"md":{"insertions":1,"deletions":0}}},{"hash":"77f332fa556680ca6466c2542f52372a91524ae9","isMergeCommit":true,"messageTitle":"Merge branch \u0027master\u0027 of https://github.com/nus-cs3281/2025","messageBody":"","fileTypesAndContributionMap":{}}]}],"Incogdino":[{"date":"2025-01-19","commitResults":[{"hash":"596e8ff5333b90a2e4eefdb3d0e67065a34ce104","isMergeCommit":false,"messageTitle":"Update info for Incogdino","messageBody":"","fileTypesAndContributionMap":{"md":{"insertions":2,"deletions":2}}}]},{"date":"2025-01-28","commitResults":[{"hash":"d1a67d7df525b9a92520f402cbdfb8d38bced7b4","isMergeCommit":false,"messageTitle":"Update knowledge and progress","messageBody":"","fileTypesAndContributionMap":{"md":{"insertions":18,"deletions":5}}}]}],"joeng03":[{"date":"2025-01-20","commitResults":[{"hash":"b92ecd27756da92c3dcf0855f69b274d2a861b1a","isMergeCommit":false,"messageTitle":"Update Joe\u0027s information and photo","messageBody":"","fileTypesAndContributionMap":{"md":{"insertions":2,"deletions":2}}},{"hash":"57ae6f8cf63139f7da636adfb0c62674e856efb4","isMergeCommit":false,"messageTitle":"Update Joe\u0027s information","messageBody":"","fileTypesAndContributionMap":{"md":{"insertions":1,"deletions":1}}},{"hash":"8490879f133e287d00edd7d79cdc7fb7b89d5a3d","isMergeCommit":true,"messageTitle":"Merge branch \u0027master\u0027 of https://github.com/nus-cs3281/2025","messageBody":"","fileTypesAndContributionMap":{}}]}],"marcu":[{"date":"2025-01-17","commitResults":[{"hash":"2a0b60b89bf3b0cfe8316fcd15acb40d89c05674","isMergeCommit":false,"messageTitle":"Update info for hollag","messageBody":"","fileTypesAndContributionMap":{"md":{"insertions":4,"deletions":2}}}]},{"date":"2025-01-28","commitResults":[{"hash":"5e9c8e9087bbd37d2548f40d9690fd80105b3c45","isMergeCommit":false,"messageTitle":"Update info for hollag","messageBody":"","fileTypesAndContributionMap":{"md":{"insertions":21,"deletions":2}}},{"hash":"3f4ed47423eb07f18688e50ad0ad1dabf6a29dfa","isMergeCommit":true,"messageTitle":"Merge branch \u0027master\u0027 of https://github.com/nus-cs3281/2025","messageBody":"","fileTypesAndContributionMap":{}}]}]},"authorFileTypeContributionMap":{"Izn432":{"md":2},"IanCheah":{"md":26},"wen xi":{"md":33},"Airiinnn":{"md":29},"peasantbird":{"md":4},"AgentHagu":{"md":14},"JoanneHing":{"md":23},"LiYuan":{"md":12},"Dhiraputta Pathama Tengara":{"md":115},"damithc":{"md":4},"Mingyang":{"md":81},"yyccbb":{"md":12},"InfinityTwo":{"md":41},"gerteck":{"md":203},"jasonqiu212":{"md":47},"NorbertLoh":{"md":27},"Javier":{"md":23},"BunnyHoppp":{"md":17},"Yucongkoo":{"md":79},"Isaac Ng Jun Jie":{"md":55},"CYX22222003":{"md":28},"Incogdino":{"md":19},"joeng03":{"md":2},"marcu":{"md":23}},"authorContributionVariance":{"Izn432":0.51555526,"IanCheah":22.066668,"wen xi":44.778885,"Airiinnn":31.205555,"peasantbird":1.578888,"AgentHagu":11.795557,"JoanneHing":33.845547,"LiYuan":7.3388886,"Dhiraputta Pathama Tengara":417.76553,"damithc":2.2988894,"Mingyang":137.31667,"yyccbb":8.622222,"InfinityTwo":44.91223,"gerteck":420.4399,"jasonqiu212":71.17882,"NorbertLoh":14.4322195,"Javier":23.49,"BunnyHoppp":11.978888,"Yucongkoo":88.28887,"Isaac Ng Jun Jie":144.64557,"CYX22222003":16.839998,"Incogdino":17.356667,"joeng03":1.1600007,"marcu":17.89889},"authorDisplayNameMap":{"Izn432":"Izn432","IanCheah":"IanCheah","wen xi":"wen xi","Airiinnn":"Airiinnn","peasantbird":"peasantbird","AgentHagu":"AgentHagu","JoanneHing":"JoanneHing","LiYuan":"LiYuan","Dhiraputta Pathama Tengara":"Dhiraputta Pathama Tengara","damithc":"damithc","Mingyang":"Mingyang","yyccbb":"yyccbb","InfinityTwo":"InfinityTwo","gerteck":"gerteck","jasonqiu212":"jasonqiu212","NorbertLoh":"NorbertLoh","Javier":"Javier","BunnyHoppp":"BunnyHoppp","Yucongkoo":"Yucongkoo","Isaac Ng Jun Jie":"Isaac Ng Jun Jie","CYX22222003":"CYX22222003","Incogdino":"Incogdino","joeng03":"joeng03","marcu":"marcu"}}
