{"repoSenseVersion":"29b9f5fbd7","reportGeneratedTime":"Thu Feb 13 01:08:49 2025 UTC","reportGenerationTime":" 7.48 second(s)","zoneId":"Etc/UTC","reportTitle":"RepoSense Report","repos":[{"location":{"location":"https://github.com/reposense/RepoSense.git","repoName":"RepoSense","organization":"reposense","domainName":"github"},"branch":"master","displayName":"reposense/RepoSense[master]","outputFolderName":"reposense_RepoSense_master"},{"location":{"location":"https://github.com/nus-cs3281/2025.git","repoName":"2025","organization":"nus-cs3281","domainName":"github"},"branch":"master","displayName":"nus-cs3281/2025[master]","outputFolderName":"nus-cs3281_2025_master"}],"errorSet":[],"sinceDate":"2025-01-13","untilDate":"2025-02-13","isSinceDateProvided":false,"isUntilDateProvided":false,"supportedDomainUrlMap":{"NOT_RECOGNIZED":{"BRANCH":"","REPO_URL":"UNSUPPORTED","BASE_URL":"UNSUPPORTED","HISTORY_PATH":"","COMMIT_PATH":"","BLAME_PATH":""},"github":{"BRANCH":"tree/$BRANCH","REPO_URL":"https://github.com/$ORGANIZATION/$REPO_NAME/","BASE_URL":"https://github.com/","HISTORY_PATH":"commits/$BRANCH/$FILE_PATH","COMMIT_PATH":"commit/$COMMIT_HASH","BLAME_PATH":"blame/$BRANCH/$FILE_PATH"}},"isAuthorshipAnalyzed":false}
